{"cameraMode":{"drawMode":0,"name":"Shaded","section":"Shading Mode"},"sceneLighting":true,"audioPlay":false,"sceneViewState":{"m_AlwaysRefresh":false,"showFog":true,"showSkybox":true,"showFlares":true,"showImageEffects":true,"showParticleSystems":true,"showVisualEffectGraphs":true,"m_FxEnabled":true},"in2DMode":false,"pivot":{"x":-0.7173987030982971,"y":1.0272138118743897,"z":0.351041316986084},"rotation":{"x":-0.22007741034030915,"y":0.05906939506530762,"z":-0.013352994807064534,"w":-0.9735981225967407},"size":3.6269330978393556,"orthographic":false}